Data księgowania;Data waluty;Nadawca / Odbiorca;Adres nadawcy / odbiorcy;Rachunek źródłowy;Rachunek docelowy;Tytułem;Kwota operacji;Waluta;Numer referencyjny;Typ operacji;Kategoria
26.09.2026;26.09.2026;CATENA NINA SRL        PITESTI       ROM;;'5247********6313;;;-100,74;PLN;'15548266269323680128515;ZAKUP;Lekarstwa
26.09.2026;26.09.2026;KRUST BOULANGERIE      BRASOV        ROM;;'5247********6313;;;-38,78;PLN;'15548266269323563030614;ZAKUP;Artykuły spożywcze
26.09.2026;25.09.2026;CARREFOUR BRASOV C4    BRASOV        ROM;;'5247********6313;;;-18,36;PLN;'65541906268092408635499;ZAKUP;Artykuły spożywcze
26.09.2026;25.09.2026;KRONEVENTS SRL         BRASOV        ROM;;'5247********6313;;;-60,38;PLN;'75818886268000111441914;ZAKUP;Bez kategorii
26.09.2026;25.09.2026;ANA TELEFERIC TIMPA TE BRASOV        ROM;;'5247********6313;;;-116,45;PLN;'65541906268092395026579;ZAKUP;Inne
26.09.2026;25.09.2026;ROST COFFEE SRL        Brasov        ROM;;'5247********6313;;;-16,39;PLN;'65280386268120247850043;ZAKUP;Restauracje i kawiarnie
26.09.2026;24.09.2026;RATBV                  BRASOV        ROM;;'5247********6313;;;-4,29;PLN;'15560416268000007591238;ZAKUP;Transport publiczny
26.09.2026;24.09.2026;RATBV                  BRASOV        ROM;;'5247********6313;;;-4,29;PLN;'15560416268000007318194;ZAKUP;Transport publiczny
25.09.2026;24.09.2026;BISTRO A-HA BRASOV RO;;'5247********6313;;;-131,98;PLN;'15548266267321374865717;ZAKUP;Restauracje i kawiarnie
25.09.2026;24.09.2026;ROST COFFEE SRL Brasov RO;;'5247********6313;;;-16,28;PLN;'65280386267120196034939;ZAKUP;Restauracje i kawiarnie
25.09.2026;24.09.2026;MEGAIMAGE 0249 C BUC10 BRASOV RO;;'5247********6313;;;-9,58;PLN;'65280386267120236063989;ZAKUP;Artykuły spożywcze
25.09.2026;24.09.2026;PROFI 3849 C9 BRASOV RO;;'5247********6313;;;-10,43;PLN;'75467616267451991303607;ZAKUP;Artykuły spożywcze
25.09.2026;24.09.2026;BARISTIMO SRL brasov RO;;'5247********6313;;;-24,00;PLN;'75818886267000141790984;ZAKUP;Puby i kluby
25.09.2026;24.09.2026;BARISTIMO SRL brasov RO;;'5247********6313;;;-6,86;PLN;'75818886267000153823384;ZAKUP;Puby i kluby
24.09.2026;23.09.2026;ROST COFFEE SRL Brasov RO;;'5247********6313;;;-33,47;PLN;'65280386266120158496556;ZAKUP;Restauracje i kawiarnie
24.09.2026;23.09.2026;INDUSTRIAL PROTEST SRL BRASOV RO;;'5247********6313;;;-42,06;PLN;'15548266266319481111711;ZAKUP;Restauracje i kawiarnie
24.09.2026;23.09.2026;Dodatek do P*NU0VM0HG4 LUXEMBOURG LU;;'5247********6313;;;-34,99;PLN;'52715026266205151153729;ZAKUP;Multimedia
23.09.2026;22.09.2026;So] Coffee 39621 Warszawa PL;;'5247********6313;;;-47,25;PLN;'02076256265433336012014;ZAKUP;Restauracje i kawiarnie
23.09.2026;22.09.2026;MCDONALDS 35603 AIRPOR WARSZAWA PL;;'5247********6313;;;-27,80;PLN;'05272426265712622557913;ZAKUP;Restauracje i kawiarnie
23.09.2026;22.09.2026;ZYWIOLY UL. KEN 19 WARSZAWA PL;;'5247********6313;;;-21,94;PLN;'05272426265712561468577;ZAKUP;Artykuły spożywcze
23.09.2026;23.09.2026;LRS COFFEE S R L BRASOV RO;;'5247********6313;;;-11,16;PLN;'15548266266318144700019;ZAKUP;Restauracje i kawiarnie
23.09.2026;22.09.2026;SERGIANA CORESI BRASOV RO;;'5247********6313;;;-81,77;PLN;'65541906265092310152446;ZAKUP;Restauracje i kawiarnie
23.09.2026;23.09.2026;HENSU REDWOOD CITY US;;'5247********6313;;;-27,67;PLN;'87021306266500070740007;ZAKUP;Multimedia
22.09.2026;21.09.2026;FUX RAFAL FUKSIEWICZ WARSZAWA PL;;'5247********6313;;;-57,79;PLN;'55306606264622642906300;ZAKUP;Artykuły spożywcze
22.09.2026;21.09.2026;SP MOST ELEMENTS WARSZAWA PL;;'5247********6313;;;-211,65;PLN;'82644316264500033294505;ZAKUP;Artykuły spożywcze
22.09.2026;21.09.2026;GOCHU Warszawa PL;;'5247********6313;;;-45,00;PLN;'05272426264712263947150;ZAKUP;Restauracje i kawiarnie
22.09.2026;21.09.2026;ZYWIOLY UL. KEN 19 WARSZAWA PL;;'5247********6313;;;-39,24;PLN;'05272426264712151821558;ZAKUP;Artykuły spożywcze
21.09.2026;20.09.2026;GREEN COFFEE NERO WARSZAWA PL;;'5247********6313;;;-23,10;PLN;'55191396263552648639190;ZAKUP;Restauracje i kawiarnie
21.09.2026;20.09.2026;MINI DELIKATESY TIM ka Warszawa PL;;'5247********6313;;;-34,75;PLN;'05272426263712087247937;ZAKUP;Artykuły spożywcze
20.09.2026;19.09.2026;BOSKO LODY PARK PRASKI Warszawa PL;;'5247********6313;;;-28,00;PLN;'02076256262432808268743;ZAKUP;Artykuły spożywcze
20.09.2026;19.09.2026;COSMO KAWIARNIA WARSZAWA PL;;'5247********6313;;;-55,20;PLN;'95383826263200210458553;ZAKUP;Restauracje i kawiarnie
20.09.2026;19.09.2026;JMP S.A. BIEDRONKA 415 WARSZAWA PL;;'5247********6313;;;-71,16;PLN;'55473846262496411130264;ZAKUP;Artykuły spożywcze
19.09.2026;19.09.2026;NETFLIX.COM Amsterdam NL;;'5247********6313;;;-91,00;PLN;'15265676262000584001216;ZAKUP;Internet, TV, telefon
19.09.2026;18.09.2026;LOKAL NA RYBE WARSZAWA PL;;'5247********6313;;;-341,00;PLN;'95383826261200086155129;ZAKUP;Restauracje i kawiarnie
19.09.2026;18.09.2026;COSMO KAWIARNIA WARSZAWA PL;;'5247********6313;;;-28,00;PLN;'95383826262200133882302;ZAKUP;Restauracje i kawiarnie
18.09.2026;18.09.2026;Orange Flex warszawa PL;;'5247********6313;;;-50,00;PLN;'08088416261000432642460;ZAKUP;Internet, TV, telefon
18.09.2026;17.09.2026;AQUARIUS WARSZAWA PL;;'5247********6313;;;-134,00;PLN;'02076256260432284991117;ZAKUP;Zwierzęta domowe
18.09.2026;17.09.2026;ZYWIOLY UL. KEN 19 WARSZAWA PL;;'5247********6313;;;-20,25;PLN;'05272426260710648732978;ZAKUP;Artykuły spożywcze
18.09.2026;17.09.2026;ZYWIOLY UL. KEN 19 WARSZAWA PL;;'5247********6313;;;-6,49;PLN;'05272426260710508248891;ZAKUP;Artykuły spożywcze
18.09.2026;17.09.2026;FUX RAFAL FUKSIEWICZ WARSZAWA PL;;'5247********6313;;;-81,36;PLN;'55306606260652600216990;ZAKUP;Artykuły spożywcze
17.09.2026;16.09.2026;ZYWIOLY UL. KEN 19 WARSZAWA PL;;'5247********6313;;;-26,74;PLN;'05272426259710094228755;ZAKUP;Artykuły spożywcze
17.09.2026;16.09.2026;BREAD MORNING KABATY WARSZAWA PL;;'5247********6313;;;-20,00;PLN;'55306606259642598593826;ZAKUP;Artykuły spożywcze
17.09.2026;16.09.2026;FUX RAFAL FUKSIEWICZ WARSZAWA PL;;'5247********6313;;;-11,10;PLN;'55306606259642595081163;ZAKUP;Artykuły spożywcze
17.09.2026;16.09.2026;AQUARIUS WARSZAWA PL;;'5247********6313;;;-40,50;PLN;'02076256259431897458681;ZAKUP;Zwierzęta domowe
17.09.2026;16.09.2026;ZABKA Z9058 K.1 WARSZAWA PL;;'5247********6313;;;-6,20;PLN;'95383826259199947533652;ZAKUP;Artykuły spożywcze
17.09.2026;16.09.2026;MINI DELIKATESY TIM ka Warszawa PL;;'5247********6313;;;-60,15;PLN;'05272426259710227157848;ZAKUP;Artykuły spożywcze
16.09.2026;14.09.2026;WSZYSTKO DLA ZWIERZAT WARSZAWA PL;;'5247********6313;;;-10,00;PLN;'95383826258199833567625;ZAKUP;Zwierzęta domowe
16.09.2026;15.09.2026;SUSHI NUGAT WARSZAWA PL;;'5247********6313;;;-70,00;PLN;'95383826258199854999293;ZAKUP;Restauracje i kawiarnie
16.09.2026;15.09.2026;ZABKA Z9058 K.2 WARSZAWA PL;;'5247********6313;;;-15,49;PLN;'95383826258199875911566;ZAKUP;Artykuły spożywcze
16.09.2026;15.09.2026;ZYWIOLY UL. KEN 19 WARSZAWA PL;;'5247********6313;;;-26,74;PLN;'05272426258709663003434;ZAKUP;Artykuły spożywcze
16.09.2026;15.09.2026;eobuwie.com.pl Zielona Gora PL;;'5247********6313;;;-561,98;PLN;'05317726259046375446265;ZAKUP;Obuwie
15.09.2026;15.09.2026;ZWROT ZA ZAKUPY;;;'5247********6313;;21,71;PLN;'00202609152140392404947;PREMIA;Inne
15.09.2026;15.09.2026;ZWROT ZA ZAKUPY;;;'5247********6313;;5,98;PLN;'00202609152140392404939;PREMIA;Inne
15.09.2026;14.09.2026;SALAD STORY KEN Warszawa PL;;'5247********6313;;;-47,52;PLN;'05272426257709527607819;ZAKUP;Restauracje i kawiarnie
15.09.2026;14.09.2026;ZYWIOLY UL. KEN 19 WARSZAWA PL;;'5247********6313;;;-20,25;PLN;'05272426257709390238452;ZAKUP;Artykuły spożywcze
15.09.2026;14.09.2026;ZYWIOLY UL. KEN 19 WARSZAWA PL;;'5247********6313;;;-26,74;PLN;'05272426257709232564487;ZAKUP;Artykuły spożywcze
14.09.2026;13.09.2026;ME GUSTA CAFE Warszawa PL;;'5247********6313;;;-32,00;PLN;'02076256256431209092429;ZAKUP;Restauracje i kawiarnie
14.09.2026;13.09.2026;KLUBOKAWIARNIA POWSIN Warszawa PL;;'5247********6313;;;-52,00;PLN;'05272426256709038389221;ZAKUP;Restauracje i kawiarnie
14.09.2026;13.09.2026;ZYWIOLY UL. KEN 19 WARSZAWA PL;;'5247********6313;;;-17,00;PLN;'05272426256709013789460;ZAKUP;Artykuły spożywcze
13.09.2026;12.09.2026;WINOWAJCY ROKU Warszawa PL;;'5247********6313;;;-156,00;PLN;'72301666255067639796527;ZAKUP;Restauracje i kawiarnie
12.09.2026;11.09.2026;MINI DELIKATESY TIM 01 WARSZAWA PL;;'5247********6313;;;-25,30;PLN;'05272426254708338366295;ZAKUP;Artykuły spożywcze
12.09.2026;11.09.2026;BREAD MORNING KABATY WARSZAWA PL;;'5247********6313;;;-20,50;PLN;'55306606254652549311819;ZAKUP;Artykuły spożywcze
12.09.2026;11.09.2026;FUX RAFAL FUKSIEWICZ WARSZAWA PL;;'5247********6313;;;-83,99;PLN;'55306606254652545205072;ZAKUP;Artykuły spożywcze
10.09.2026;09.09.2026;ME GUSTA CAFE Warszawa PL;;'5247********6313;;;-65,00;PLN;'02076256252430035697264;ZAKUP;Restauracje i kawiarnie
10.09.2026;09.09.2026;ZYWIOLY UL. KEN 19 WARSZAWA PL;;'5247********6313;;;-26,49;PLN;'05272426252707134646191;ZAKUP;Artykuły spożywcze
09.09.2026;08.09.2026;ROSSMANN 33 Warszawa PL;;'5247********6313;;;-17,99;PLN;'05272426251706856861807;ZAKUP;Kosmetyki
09.09.2026;08.09.2026;ZYWIOLY UL. KEN 19 WARSZAWA PL;;'5247********6313;;;-33,99;PLN;'05272426251706826658648;ZAKUP;Artykuły spożywcze
09.09.2026;08.09.2026;ZYWIOLY UL. KEN 19 WARSZAWA PL;;'5247********6313;;;-26,74;PLN;'05272426251706731167362;ZAKUP;Artykuły spożywcze
09.09.2026;08.09.2026;LIDL Rosola WARSZAWA PL;;'5247********6313;;;-138,19;PLN;'05272426251706778980628;ZAKUP;Artykuły spożywcze
09.09.2026;08.09.2026;"RESTAURACJA ""MOJE CURR WARSZAWA PL";;'5247********6313;;;-185,00;PLN;'02076256251429861106433;ZAKUP;Restauracje i kawiarnie
09.09.2026;08.09.2026;BP-KOGUT 246 TAAS WARSZAWA PL;;'5247********6313;;;-137,27;PLN;'55191396252582529852805;ZAKUP;Paliwo
09.09.2026;08.09.2026;GREEN COFFEE NERO WARSZAWA PL;;'5247********6313;;;-43,70;PLN;'55191396251562529449316;ZAKUP;Restauracje i kawiarnie
08.09.2026;07.09.2026;EUROMASTER SRL ORADEA RO;;'5247********6313;;;-197,17;PLN;'75818886250000067249451;ZAKUP;Inne
08.09.2026;07.09.2026;KAUFLAND 1270 ORADEA ORADEA RO;;'5247********6313;;;-104,24;PLN;'95280386250119359271045;ZAKUP;Artykuły spożywcze
08.09.2026;07.09.2026;DEKAS COFFE INVEST 1 ORADEA RO;;'5247********6313;;;-34,22;PLN;'72701516250166077257907;ZAKUP;Restauracje i kawiarnie
08.09.2026;07.09.2026;Lidl dakuje 120 PRESOV SK;;'5247********6313;;;-95,10;PLN;'72302226250166406042805;ZAKUP;Artykuły spożywcze
08.09.2026;07.09.2026;BP BARWINEK 900 TAAS BARWINEK PL;;'5247********6313;;;-131,10;PLN;'55191396251582517638704;ZAKUP;Paliwo
08.09.2026;07.09.2026;McDonalds 478 Lublin 0 Lublin PL;;'5247********6313;;;-41,70;PLN;'05272426250706594561496;ZAKUP;Restauracje i kawiarnie
07.09.2026;07.09.2026;MUN.ORADEA-ACTIV ECO ORADEA RO;;'5247********6313;;;-23,10;PLN;'15548266250288547590911;ZAKUP;Inne
07.09.2026;06.09.2026;SABOMAG SRL ORADEA RO;;'5247********6313;;;-5,13;PLN;'15548266249288232704714;ZAKUP;Artykuły spożywcze
07.09.2026;06.09.2026;REGEMAX CONCEPT SRL ORADEA RO;;'5247********6313;;;-235,29;PLN;'15548266249288159786017;ZAKUP;Restauracje i kawiarnie
07.09.2026;06.09.2026;DM FILIALA R055 TIMISOARA RO;;'5247********6313;;;-6,80;PLN;'15548266249287985044013;ZAKUP;Artykuły spożywcze
07.09.2026;06.09.2026;MIS PETROL SRL GILAU RO;;'5247********6313;;;-23,96;PLN;'15548266249287713440913;ZAKUP;Paliwo
07.09.2026;06.09.2026;PROFI ORADEA (DECE ORADEA RO;;'5247********6313;;;-12,24;PLN;'75467616249446646775301;ZAKUP;Artykuły spożywcze
07.09.2026;06.09.2026;SALINA TURDA SA TURDA RO;;'5247********6313;;;-23,95;PLN;'15548266249287542706518;ZAKUP;Podróże
07.09.2026;06.09.2026;SALINA TURDA SA TURDA RO;;'5247********6313;;;-18,81;PLN;'15548266249287515290813;ZAKUP;Podróże
07.09.2026;06.09.2026;SC SALINA TURDA SA TURDA RO;;'5247********6313;;;-17,11;PLN;'15548266249287460685314;ZAKUP;Podróże
07.09.2026;06.09.2026;KIOSK SALINA-INTRARE V TURDA RO;;'5247********6313;;;-154,01;PLN;'15548266249287451894511;ZAKUP;Prezenty, upominki
06.09.2026;05.09.2026;PayPoint*MOUNTAIN DREA LACU ROSU RO;;'5247********6313;;;-71,87;PLN;'75467616248446412749903;ZAKUP;Bez kategorii
06.09.2026;05.09.2026;PayPoint*CRIMOL SIGHISOARA RO;;'5247********6313;;;-55,61;PLN;'75467616248446491958201;ZAKUP;Bez kategorii
06.09.2026;05.09.2026;TURTAR GRILL 4 GURA HUMORULU RO;;'5247********6313;;;-52,19;PLN;'72701516248164467516706;ZAKUP;Restauracje i kawiarnie
06.09.2026;05.09.2026;CORALIA COM SRL 6 SIGHISOARA RO;;'5247********6313;;;-4,70;PLN;'72701516248165222976309;ZAKUP;Artykuły spożywcze
06.09.2026;05.09.2026;CORALIA COM SRL 6 SIGHISOARA RO;;'5247********6313;;;-4,70;PLN;'72701516248165192182706;ZAKUP;Artykuły spożywcze
06.09.2026;05.09.2026;OMV 1734 Poi Teiului RO;;'5247********6313;;;-9,57;PLN;'02302536248067643753127;ZAKUP;Paliwo
06.09.2026;05.09.2026;COCO CAFE HANGU NT RO;;'5247********6313;;;-29,95;PLN;'85173616249001930530401;ZAKUP;Restauracje i kawiarnie
06.09.2026;05.09.2026;MOL 91115 Gura Humorul Gura Humorulu RO;;'5247********6313;;;-215,91;PLN;'75215126249326640179079;ZAKUP;Paliwo
06.09.2026;05.09.2026;AMY EMY BICAZ-CHEI RO;;'5247********6313;;;-8,56;PLN;'15548266248286436923412;ZAKUP;Restauracje i kawiarnie
06.09.2026;05.09.2026;RESTAURANT FERDINAND SIGHISOARA RO;;'5247********6313;;;-114,65;PLN;'15548266248286857365317;ZAKUP;Restauracje i kawiarnie
06.09.2026;05.09.2026;SUNCAR EUROPARTNERS S SIGHISOARA RO;;'5247********6313;;;-17,11;PLN;'15548266248286909724313;ZAKUP;Artykuły spożywcze
06.09.2026;05.09.2026;Orange Flex warszawa PL;;'5247********6313;;;-35,00;PLN;'08088416248000425678875;ZAKUP;Internet, TV, telefon
06.09.2026;05.09.2026;Orange Flex warszawa PL;;'5247********6313;;;-35,00;PLN;'08088416248000425678701;ZAKUP;Internet, TV, telefon
05.09.2026;04.09.2026;BIRSANA ARTIZANAT 3 BARSANA MM RO;;'5247********6313;;;-17,12;PLN;'85173616248001929335581;ZAKUP;Bez kategorii
05.09.2026;04.09.2026;DAN GIGI SRL VATRA MOLDOVI RO;;'5247********6313;;;-26,53;PLN;'15548266247285184141616;ZAKUP;Hotele
04.09.2026;03.09.2026;MOCIRITA SRL MARAMURES RO;;'5247********6313;;;-94,89;PLN;'05526486247111394368255;ZAKUP;Restauracje i kawiarnie
04.09.2026;03.09.2026;ALEXIS PROD PAN SRL DESESTI RO;;'5247********6313;;;-28,21;PLN;'15548266246282522808411;ZAKUP;Hotele
04.09.2026;03.09.2026;ALEXIS PROD PAN SRL DESESTI RO;;'5247********6313;;;-173,54;PLN;'15548266246282746736513;ZAKUP;Hotele
04.09.2026;03.09.2026;OVHcloud Wroclaw PL;;'5247********6313;;;-52,40;PLN;'15265676246003263053095;ZAKUP;Internet, TV, telefon
04.09.2026;03.09.2026;CAZARE BREB MARAMURE RO;;'5247********6313;;;-12,82;PLN;'15915576246010270614682;ZAKUP;Hotele
03.09.2026;03.09.2026;Transferof funds;;;'5247********6313;;7 000,00;PLN;'00202609031714482553834;WPŁATA;Inne
03.09.2026;02.09.2026;ZO:LDSE'G-GYU:MO:LCS TOKAJ HU;;'5247********6313;;;-17,20;PLN;'75417046245750012820020;ZAKUP;Artykuły spożywcze
03.09.2026;02.09.2026;TOKAJI KAVEPORKOLO TOKAJ HU;;'5247********6313;;;-14,79;PLN;'92706456246004409863739;ZAKUP;Restauracje i kawiarnie
03.09.2026;02.09.2026;TOKAJI KAVEPORKOLO TOKAJ HU;;'5247********6313;;;-45,62;PLN;'92706456246004409863721;ZAKUP;Restauracje i kawiarnie
03.09.2026;02.09.2026;RESTAURANT BLANCA SAPANTA RO;;'5247********6313;;;-86,43;PLN;'75467616245445572624503;ZAKUP;Restauracje i kawiarnie
03.09.2026;02.09.2026;CAZARE BREB MARAMURE RO;;'5247********6313;;;-94,13;PLN;'15915576245010254987865;ZAKUP;Hotele
03.09.2026;02.09.2026;CATENA SATU MARE 8 SATU MARE RO;;'5247********6313;;;-107,22;PLN;'65541906245091669995814;ZAKUP;Lekarstwa
03.09.2026;02.09.2026;OCTANO SEINI SEINI RO;;'5247********6313;;;-234,84;PLN;'65280386245119087577516;ZAKUP;Paliwo
03.09.2026;02.09.2026;ANGHEL SELENA SRL SIGHETU MARMA RO;;'5247********6313;;;-17,11;PLN;'15548266245281413013116;ZAKUP;Restauracje i kawiarnie
02.09.2026;01.09.2026;MOL SF811 K.2 SUCHEDNIOW PL;;'5247********6313;;;-270,99;PLN;'95383826245198908777933;ZAKUP;Paliwo
02.09.2026;01.09.2026;MCDONALDS 389 MOP SU 0 Suchedniow PL;;'5247********6313;;;-31,00;PLN;'05272426244703976666463;ZAKUP;Restauracje i kawiarnie
02.09.2026;01.09.2026;VASKO' PANZIO' BOROZO' TOKAJ HU;;'5247********6313;;;-17,28;PLN;'75417046244857016029044;ZAKUP;Hotele
02.09.2026;01.09.2026;"ELO""RE VIZISPORT RAKAMAZ HU";;'5247********6313;;;-271,62;PLN;'75417046244082010620140;ZAKUP;Restauracje i kawiarnie
01.09.2026;31.08.2026;SMAK NATURY WARSZAWA PL;;'5247********6313;;;-45,39;PLN;'95383826243198769892971;ZAKUP;Artykuły spożywcze
01.09.2026;31.08.2026;ZIKO APTEKA 22 WARSZAWA PL;;'5247********6313;;;-56,48;PLN;'05272426243703756811546;ZAKUP;Lekarstwa
01.09.2026;31.08.2026;ZIKO APTEKA 22 WARSZAWA PL;;'5247********6313;;;-40,98;PLN;'05272426243703505715832;ZAKUP;Lekarstwa
01.09.2026;31.08.2026;ZYWIOLY UL. KEN 19 WARSZAWA PL;;'5247********6313;;;-20,25;PLN;'05272426243703647173767;ZAKUP;Artykuły spożywcze
01.09.2026;31.08.2026;ZYWIOLY UL. KEN 19 WARSZAWA PL;;'5247********6313;;;-22,54;PLN;'05272426243703487109152;ZAKUP;Artykuły spożywcze
01.09.2026;31.08.2026;BREAD MORNING KABATY WARSZAWA PL;;'5247********6313;;;-27,00;PLN;'55306606243622436225509;ZAKUP;Artykuły spożywcze
01.09.2026;31.08.2026;JMP S.A. BIEDRONKA 415 WARSZAWA PL;;'5247********6313;;;-57,78;PLN;'55473846243496431930168;ZAKUP;Artykuły spożywcze
31.08.2026;30.08.2026;ZYWIOLY UL. KEN 19 WARSZAWA PL;;'5247********6313;;;-33,99;PLN;'05272426242703167914096;ZAKUP;Artykuły spożywcze
31.08.2026;30.08.2026;BARIONP*HungaryVignett Budapest HU;;'5247********6313;;;-119,60;PLN;'75417046242897771228573;ZAKUP;Inne
31.08.2026;30.08.2026;JMP S.A. BIEDRONKA 586 WARSZAWA PL;;'5247********6313;;;-109,32;PLN;'55473846242496159480470;ZAKUP;Artykuły spożywcze
31.08.2026;30.08.2026;GREEN COFFEE NERO WARSZAWA PL;;'5247********6313;;;-23,10;PLN;'55191396242552436333473;ZAKUP;Restauracje i kawiarnie
31.08.2026;30.08.2026;ICE CREAM FAMILY WARSZAWA PL;;'5247********6313;;;-18,50;PLN;'95383826242198719363538;ZAKUP;Restauracje i kawiarnie
30.08.2026;29.08.2026;"RESTAURACJA ""MOJE CURR WARSZAWA PL";;'5247********6313;;;-80,00;PLN;'02076256241427435882193;ZAKUP;Restauracje i kawiarnie
30.08.2026;30.08.2026;Mol*vintrica 8232768997640 DE;;'5247********6313;;;-26,96;PLN;'02700926242026414017358;ZAKUP;Multimedia
30.08.2026;30.08.2026;Mol*vintrica 8232768997640 DE;;'5247********6313;;;-61,22;PLN;'02700926242026412897157;ZAKUP;Multimedia
30.08.2026;29.08.2026;GOODLY SPECIALTY COFFE Warszawa PL;;'5247********6313;;;-17,00;PLN;'02076256241427439621001;ZAKUP;Restauracje i kawiarnie
30.08.2026;29.08.2026;ZABKA Z9058 K.2 WARSZAWA PL;;'5247********6313;;;-20,98;PLN;'95383826241198673204836;ZAKUP;Artykuły spożywcze
30.08.2026;29.08.2026;ZYWIOLY UL. KEN 19 WARSZAWA PL;;'5247********6313;;;-34,24;PLN;'05272426241702653742012;ZAKUP;Artykuły spożywcze
29.08.2026;28.08.2026;ZABKA Z5592 K.1 WARSZAWA PL;;'5247********6313;;;-33,80;PLN;'95383826240198597747754;ZAKUP;Artykuły spożywcze
29.08.2026;28.08.2026;ZIKO APTEKA 22 WARSZAWA PL;;'5247********6313;;;-123,97;PLN;'05272426240702462731967;ZAKUP;Lekarstwa
29.08.2026;28.08.2026;GOCHU Warszawa PL;;'5247********6313;;;-45,00;PLN;'05272426240702283154738;ZAKUP;Restauracje i kawiarnie
29.08.2026;28.08.2026;ZYWIOLY UL. KEN 19 WARSZAWA PL;;'5247********6313;;;-26,74;PLN;'05272426240702141529881;ZAKUP;Artykuły spożywcze
29.08.2026;28.08.2026;JAVA COFFEE COMPANY Warszawa PL;;'5247********6313;;;-9,30;PLN;'02076256240427006078636;ZAKUP;Restauracje i kawiarnie
28.08.2026;27.08.2026;SALAD STORY KEN Warszawa PL;;'5247********6313;;;-44,24;PLN;'05272426239701877825326;ZAKUP;Restauracje i kawiarnie
28.08.2026;27.08.2026;ZYWIOLY UL. KEN 19 WARSZAWA PL;;'5247********6313;;;-9,50;PLN;'05272426239701852776148;ZAKUP;Artykuły spożywcze
28.08.2026;27.08.2026;ZYWIOLY UL. KEN 19 WARSZAWA PL;;'5247********6313;;;-26,74;PLN;'05272426239701699231232;ZAKUP;Artykuły spożywcze
27.08.2026;26.08.2026;ESTE MALGORZATA ZYSKA Warszawa PL;;'5247********6313;;;-18,50;PLN;'02076256238426640827568;ZAKUP;Restauracje i kawiarnie
27.08.2026;26.08.2026;Groch z Kapusta S.C.B Warszawa PL;;'5247********6313;;;-17,98;PLN;'02076256238426654204555;ZAKUP;Artykuły spożywcze
27.08.2026;26.08.2026;ZYWIOLY UL. KEN 19 WARSZAWA PL;;'5247********6313;;;-20,25;PLN;'05272426238701383707811;ZAKUP;Artykuły spożywcze
27.08.2026;26.08.2026;ZYWIOLY UL. KEN 19 WARSZAWA PL;;'5247********6313;;;-26,74;PLN;'05272426238701274414550;ZAKUP;Artykuły spożywcze
26.08.2026;25.08.2026;FORNO ROSSO SPOLKA Z O Warszawa PL;;'5247********6313;;;-99,00;PLN;'77255916237000199713027;ZAKUP;Restauracje i kawiarnie
26.08.2026;25.08.2026;GOCHU Warszawa PL;;'5247********6313;;;-45,00;PLN;'05272426237700959606838;ZAKUP;Restauracje i kawiarnie
26.08.2026;25.08.2026;MINI DELIKATESY TIM 01 WARSZAWA PL;;'5247********6313;;;-37,49;PLN;'05272426237701254712131;ZAKUP;Artykuły spożywcze
26.08.2026;25.08.2026;ZYWIOLY UL. KEN 19 WARSZAWA PL;;'5247********6313;;;-22,04;PLN;'05272426237700856784910;ZAKUP;Artykuły spożywcze
26.08.2026;25.08.2026;JAVA COFFEE COMPANY Warszawa PL;;'5247********6313;;;-43,80;PLN;'02076256237426188622224;ZAKUP;Restauracje i kawiarnie
25.08.2026;25.08.2026;BetterMe AE  - Gym Dubai AE;;'5247********6313;;;-213,00;PLN;'02715236237025551172426;ZAKUP;Lekarstwa
25.08.2026;24.08.2026;AQUARIUS WARSZAWA PL;;'5247********6313;;;-106,00;PLN;'02076256236425954761878;ZAKUP;Zwierzęta domowe
25.08.2026;24.08.2026;"RESTAURACJA ""MOJE CURR WARSZAWA PL";;'5247********6313;;;-100,00;PLN;'02076256236426117694758;ZAKUP;Restauracje i kawiarnie
25.08.2026;24.08.2026;MINI DELIKATESY TIM ka Warszawa PL;;'5247********6313;;;-12,99;PLN;'05272426236700489009926;ZAKUP;Artykuły spożywcze
25.08.2026;24.08.2026;ZYWIOLY UL. KEN 19 WARSZAWA PL;;'5247********6313;;;-20,25;PLN;'05272426236700648828315;ZAKUP;Artykuły spożywcze
25.08.2026;24.08.2026;ZYWIOLY UL. KEN 19 WARSZAWA PL;;'5247********6313;;;-21,94;PLN;'05272426236700431173044;ZAKUP;Artykuły spożywcze
25.08.2026;24.08.2026;SP MOST ELEMENTS WARSZAWA PL;;'5247********6313;;;-211,65;PLN;'82644316236500026679519;ZAKUP;Artykuły spożywcze
24.08.2026;23.08.2026;ZONA KRAWCA - CUKIERNI WARSZAWA PL;;'5247********6313;;;-55,00;PLN;'02076256235425851449958;ZAKUP;Artykuły spożywcze
24.08.2026;23.08.2026;Dodatek do P*KB9I31WR5 LUXEMBOURG LU;;'5247********6313;;;-34,99;PLN;'52715026235303425946750;ZAKUP;Multimedia
23.08.2026;22.08.2026;COSMO KAWIARNIA WARSZAWA PL;;'5247********6313;;;-38,40;PLN;'95383826235198210492926;ZAKUP;Restauracje i kawiarnie
23.08.2026;22.08.2026;PUTKA JAGIELLONSKA WARSZAWA PL;;'5247********6313;;;-27,00;PLN;'55306606234662347318077;ZAKUP;Artykuły spożywcze
23.08.2026;23.08.2026;HENSU REDWOOD CITY US;;'5247********6313;;;-26,83;PLN;'87021306235500027562692;ZAKUP;Multimedia
22.08.2026;21.08.2026;JAVA COFFEE COMPANY Warszawa PL;;'5247********6313;;;-64,80;PLN;'02076256233425344302147;ZAKUP;Restauracje i kawiarnie
22.08.2026;21.08.2026;COSMO KAWIARNIA WARSZAWA PL;;'5247********6313;;;-19,00;PLN;'95383826234198137859257;ZAKUP;Restauracje i kawiarnie
22.08.2026;21.08.2026;GOCHU Warszawa PL;;'5247********6313;;;-45,00;PLN;'05272426233699415705933;ZAKUP;Restauracje i kawiarnie
22.08.2026;22.08.2026;BOLT.EU/O/2608212100 Warsaw PL;;'5247********6313;;;-20,35;PLN;'15265676233006475864220;ZAKUP;Taxi
22.08.2026;21.08.2026;JMP S.A. BIEDRONKA 415 WARSZAWA PL;;'5247********6313;;;-86,78;PLN;'55473846233496502980326;ZAKUP;Artykuły spożywcze
21.08.2026;20.08.2026;JAVA COFFEE COMPANY Warszawa PL;;'5247********6313;;;-43,80;PLN;'02076256232424888489635;ZAKUP;Restauracje i kawiarnie
21.08.2026;20.08.2026;GOCHU Warszawa PL;;'5247********6313;;;-45,00;PLN;'05272426232698892491398;ZAKUP;Restauracje i kawiarnie
21.08.2026;20.08.2026;COFEINA CAFE WARSZAWA PL;;'5247********6313;;;-44,00;PLN;'55306606232642322393875;ZAKUP;Restauracje i kawiarnie
20.08.2026;19.08.2026;JMP S.A. BIEDRONKA 415 WARSZAWA PL;;'5247********6313;;;-46,82;PLN;'55473846231496497360213;ZAKUP;Artykuły spożywcze
19.08.2026;19.08.2026;Netflix.com Los Gatos NL;;'5247********6313;;;-91,00;PLN;'02700926231023996326375;ZAKUP;Internet, TV, telefon
18.08.2026;18.08.2026;Orange Flex warszawa PL;;'5247********6313;;;-50,00;PLN;'08088416230000415445962;ZAKUP;Internet, TV, telefon
18.08.2026;17.08.2026;NA BANK CAFE WARSZAWA PL;;'5247********6313;;;-57,00;PLN;'02076256229424068310549;ZAKUP;Restauracje i kawiarnie
18.08.2026;17.08.2026;NATALIIA BEREZOVSKA WARSZAWA PL;;'5247********6313;;;-5,28;PLN;'95383826230197831967097;ZAKUP;Artykuły spożywcze
18.08.2026;17.08.2026;ANDRII MALYSHEVSKYI WARSZAWA PL;;'5247********6313;;;-20,00;PLN;'05272426229697725456979;ZAKUP;Restauracje i kawiarnie
18.08.2026;17.08.2026;Orange Polska Warszawa PL;;'5247********6313;;;-107,49;PLN;'08088416229000415137877;ZAKUP;Internet, TV, telefon
17.08.2026;16.08.2026;MCDONALDS 464 WARSZA 0 WARSZAWA PL;;'5247********6313;;;-49,10;PLN;'05272426228697295693077;ZAKUP;Restauracje i kawiarnie
16.08.2026;15.08.2026;LUDZIARNIA Warszawa PL;;'5247********6313;;;-4,00;PLN;'02076256227423769645874;ZAKUP;Artykuły spożywcze
16.08.2026;15.08.2026;LUDZIARNIA Warszawa PL;;'5247********6313;;;-17,80;PLN;'02076256227423769580097;ZAKUP;Artykuły spożywcze
16.08.2026;15.08.2026;RESTAURACJA BASILIA WARSZAWA PL;;'5247********6313;;;-180,00;PLN;'95383826227197678933827;ZAKUP;Restauracje i kawiarnie
16.08.2026;15.08.2026;NA BANK CAFE WARSZAWA PL;;'5247********6313;;;-69,00;PLN;'02076256227423700689106;ZAKUP;Restauracje i kawiarnie
15.08.2026;15.08.2026;ZWROT ZA ZAKUPY;;;'5247********6313;;21,97;PLN;'00202608152117166541346;PREMIA;Inne
15.08.2026;14.08.2026;AQUARIUS WARSZAWA PL;;'5247********6313;;;-97,00;PLN;'02076256226423492381582;ZAKUP;Zwierzęta domowe
15.08.2026;14.08.2026;ZYWIOLY UL. KEN 19 WARSZAWA PL;;'5247********6313;;;-20,00;PLN;'05272426226696534335815;ZAKUP;Artykuły spożywcze
15.08.2026;14.08.2026;ZYWIOLY UL. KEN 19 WARSZAWA PL;;'5247********6313;;;-26,74;PLN;'05272426226696325905768;ZAKUP;Artykuły spożywcze
15.08.2026;14.08.2026;siepomaga.pl Poznan PL;;'5247********6313;;;-100,00;PLN;'05317726227045143210564;ZAKUP;Kino i teatr
15.08.2026;14.08.2026;FUX RAFAL FUKSIEWICZ WARSZAWA PL;;'5247********6313;;;-109,82;PLN;'55306606226652266255103;ZAKUP;Artykuły spożywcze
14.08.2026;13.08.2026;BP-KOGUT 246 TAAS WARSZAWA PL;;'5247********6313;;;-121,18;PLN;'55191396226592269512751;ZAKUP;Paliwo
14.08.2026;13.08.2026;ESTE MALGORZATA ZYSKA Warszawa PL;;'5247********6313;;;-18,50;PLN;'02076256225423246151316;ZAKUP;Restauracje i kawiarnie
14.08.2026;13.08.2026;ZYWIOLY UL. KEN 19 WARSZAWA PL;;'5247********6313;;;-34,24;PLN;'05272426225696031693105;ZAKUP;Artykuły spożywcze
14.08.2026;13.08.2026;FUX RAFAL FUKSIEWICZ WARSZAWA PL;;'5247********6313;;;-71,04;PLN;'55306606225652254497890;ZAKUP;Artykuły spożywcze
13.08.2026;12.08.2026;www.rankomat.pl Warszawa PL;;'5247********6313;;;-349,00;PLN;'05896296224175597094598;ZAKUP;Ubezpieczenia
13.08.2026;12.08.2026;CAR COMFORT COMPANY Warszawa PL;;'5247********6313;;;-1 000,00;PLN;'75138126224067115291683;ZAKUP;Myjnia, przeglądy i naprawy
06.08.2026;05.08.2026;Orange Flex warszawa PL;;'5247********6313;;;-35,00;PLN;'08088416217000408500838;ZAKUP;Internet, TV, telefon
06.08.2026;05.08.2026;Orange Flex warszawa PL;;'5247********6313;;;-35,00;PLN;'08088416217000408500739;ZAKUP;Internet, TV, telefon
04.08.2026;04.08.2026;Transferof funds;;;'5247********6313;;8 000,00;PLN;'00202608042035414125098;WPŁATA;Inne
04.08.2026;03.08.2026;OVHcloud Wroclaw PL;;'5247********6313;;;-52,40;PLN;'15265676215002107459093;ZAKUP;Internet, TV, telefon
03.08.2026;02.08.2026;Amazon Prime*2yrSqCQ1P Warsaw PL;;'5247********6313;;;-69,00;PLN;'15265676214002300757096;ZAKUP;Zakupy przez internet
30.07.2026;29.07.2026;Breakaway. BRASOV RO;;'5247********6313;;;-24,03;PLN;'75818886210000089628368;ZAKUP;Puby i kluby
29.07.2026;28.07.2026;ZYWIOLY UL. KEN 19 WARSZAWA PL;;'5247********6313;;;-26,74;PLN;'05272426209688877443489;ZAKUP;Artykuły spożywcze
28.07.2026;27.07.2026;AQUARIUS WARSZAWA PL;;'5247********6313;;;-82,00;PLN;'02076256208418421473874;ZAKUP;Zwierzęta domowe
28.07.2026;27.07.2026;"RESTAURACJA ""MOJE CURR WARSZAWA PL";;'5247********6313;;;-119,00;PLN;'02076256208418512488005;ZAKUP;Restauracje i kawiarnie
28.07.2026;27.07.2026;ROSSMANN 33 Warszawa PL;;'5247********6313;;;-29,47;PLN;'05272426208688564322484;ZAKUP;Kosmetyki
28.07.2026;27.07.2026;MINI DELIKATESY TIM ka Warszawa PL;;'5247********6313;;;-51,28;PLN;'05272426208688717309875;ZAKUP;Artykuły spożywcze
28.07.2026;27.07.2026;ZYWIOLY UL. KEN 19 WARSZAWA PL;;'5247********6313;;;-40,00;PLN;'05272426208688541969639;ZAKUP;Artykuły spożywcze
28.07.2026;27.07.2026;ZYWIOLY UL. KEN 19 WARSZAWA PL;;'5247********6313;;;-26,49;PLN;'05272426208688453218801;ZAKUP;Artykuły spożywcze
28.07.2026;27.07.2026;SP MOST ELEMENTS WARSZAWA PL;;'5247********6313;;;-224,10;PLN;'82644316208500023442766;ZAKUP;Artykuły spożywcze
27.07.2026;26.07.2026;ICE CREAM FAMILY WARSZAWA PL;;'5247********6313;;;-18,50;PLN;'95383826207196143947424;ZAKUP;Restauracje i kawiarnie
27.07.2026;26.07.2026;COSMO KAWIARNIA WARSZAWA PL;;'5247********6313;;;-5,00;PLN;'95383826208196185485001;ZAKUP;Restauracje i kawiarnie
27.07.2026;26.07.2026;COSMO KAWIARNIA WARSZAWA PL;;'5247********6313;;;-35,40;PLN;'95383826208196185484988;ZAKUP;Restauracje i kawiarnie
27.07.2026;26.07.2026;Kosmos KEN 26 Warszawa PL;;'5247********6313;;;-71,80;PLN;'05104076207173672029709;ZAKUP;Restauracje i kawiarnie
26.07.2026;25.07.2026;SKLEP SPOZYWCZO-PRZEM LEONCIN PL;;'5247********6313;;;-7,50;PLN;'72301666206066805229701;ZAKUP;Inne
26.07.2026;25.07.2026;McDonalds 147 W-Wa 22 WARSZAWA PL;;'5247********6313;;;-49,20;PLN;'05272426206687824180684;ZAKUP;Restauracje i kawiarnie
25.07.2026;24.07.2026;GOCHU Warszawa PL;;'5247********6313;;;-45,00;PLN;'05272426205687341803405;ZAKUP;Restauracje i kawiarnie
25.07.2026;24.07.2026;JAVA COFFEE COMPANY Warszawa PL;;'5247********6313;;;-27,80;PLN;'02076256205417764685857;ZAKUP;Restauracje i kawiarnie
25.07.2026;24.07.2026;JAVA COFFEE COMPANY Warszawa PL;;'5247********6313;;;-28,30;PLN;'02076256205417601285804;ZAKUP;Restauracje i kawiarnie
25.07.2026;24.07.2026;MINI ZOO BIS FHU WARSZAWA PL;;'5247********6313;;;-115,50;PLN;'95383826206196048338084;ZAKUP;Zwierzęta domowe
25.07.2026;24.07.2026;GUSTO ITALIANO Sp54727 Warszawa PL;;'5247********6313;;;-14,03;PLN;'05185246205060640412930;ZAKUP;Artykuły spożywcze
24.07.2026;23.07.2026;JAVA COFFEE COMPANY Warszawa PL;;'5247********6313;;;-24,30;PLN;'02076256204417410149143;ZAKUP;Restauracje i kawiarnie
24.07.2026;23.07.2026;JAVA COFFEE COMPANY Warszawa PL;;'5247********6313;;;-27,80;PLN;'02076256204417409970731;ZAKUP;Restauracje i kawiarnie
24.07.2026;23.07.2026;JAVA COFFEE COMPANY Warszawa PL;;'5247********6313;;;-19,30;PLN;'02076256204417367303867;ZAKUP;Restauracje i kawiarnie
24.07.2026;23.07.2026;BUENA VISTA SOCIAL FOO WARSZAWA PL;;'5247********6313;;;-49,00;PLN;'05272426204686902055141;ZAKUP;Restauracje i kawiarnie
24.07.2026;23.07.2026;DESEO PATISSERIE BROWA WARSZAWA PL;;'5247********6313;;;-39,00;PLN;'55306606204652040392863;ZAKUP;Artykuły spożywcze
24.07.2026;23.07.2026;JMP S.A. BIEDRONKA 415 WARSZAWA PL;;'5247********6313;;;-44,98;PLN;'55473846204496591260205;ZAKUP;Artykuły spożywcze
24.07.2026;23.07.2026;Dodatek do P*V970N3UC5 LUXEMBOURG LU;;'5247********6313;;;-34,99;PLN;'52715026204208165808556;ZAKUP;Multimedia
23.07.2026;22.07.2026;TRZY KRUKI Warszawa PL;;'5247********6313;;;-20,00;PLN;'02076256203417111031344;ZAKUP;Restauracje i kawiarnie
23.07.2026;22.07.2026;JMP S.A. BIEDRONKA 415 WARSZAWA PL;;'5247********6313;;;-83,93;PLN;'55473846203496605940421;ZAKUP;Artykuły spożywcze
23.07.2026;23.07.2026;HENSU REDWOOD CITY US;;'5247********6313;;;-27,55;PLN;'87021306204500020931123;ZAKUP;Multimedia
22.07.2026;21.07.2026;NA BANK CAFE WARSZAWA PL;;'5247********6313;;;-37,00;PLN;'02076256202416793811354;ZAKUP;Restauracje i kawiarnie
22.07.2026;21.07.2026;BOSKO LODY PARK PRASKI Warszawa PL;;'5247********6313;;;-18,50;PLN;'02076256202416949464074;ZAKUP;Artykuły spożywcze
22.07.2026;21.07.2026;ZYWIOLY UL. KEN 19 WARSZAWA PL;;'5247********6313;;;-20,25;PLN;'05272426202685941564974;ZAKUP;Artykuły spożywcze
21.07.2026;21.07.2026;Transferof funds;;;'5247********6313;;1 920,00;PLN;'00202607211620374380960;WPŁATA;Inne
21.07.2026;20.07.2026;Apteka Gemini Warszawa PL;;'5247********6313;;;-179,97;PLN;'02076256201416574228639;ZAKUP;Lekarstwa
21.07.2026;20.07.2026;JMP S.A. BIEDRONKA 586 WARSZAWA PL;;'5247********6313;;;-35,11;PLN;'55473846201496656040099;ZAKUP;Artykuły spożywcze
21.07.2026;20.07.2026;JMP S.A. BIEDRONKA 586 WARSZAWA PL;;'5247********6313;;;-10,34;PLN;'55473846201496371780334;ZAKUP;Artykuły spożywcze
21.07.2026;20.07.2026;TRZY KRUKI Warszawa PL;;'5247********6313;;;-40,00;PLN;'02076256201416696789039;ZAKUP;Restauracje i kawiarnie
21.07.2026;20.07.2026;DELIKATESY VIKI WARSZAWA PL;;'5247********6313;;;-21,98;PLN;'02076256201416692180795;ZAKUP;Artykuły spożywcze
21.07.2026;20.07.2026;WARSZAWA SPPN WARSZAWA PL;;'5247********6313;;;-4,50;PLN;'55191396201582015423139;ZAKUP;Inne
21.07.2026;20.07.2026;Hotel at Booking.com Amsterdam NL;;;'5247********6313;;502,20;PLN;'15265676201002221462094;ZAKUP;Inne
21.07.2026;20.07.2026;Hotel at Booking.com Amsterdam NL;;;'5247********6313;;36,18;PLN;'15265676201002220891095;ZAKUP;Inne
20.07.2026;20.07.2026;Hotel at Booking.com Amsterdam NL;;'5247********6313;;;-538,38;PLN;'15265676201000210530095;ZAKUP;Hotele
20.07.2026;19.07.2026;ZYWIOLY UL. KEN 19 WARSZAWA PL;;'5247********6313;;;-20,25;PLN;'05272426200685322954853;ZAKUP;Artykuły spożywcze
20.07.2026;19.07.2026;"RESTAURACJA ""MOJE CURR WARSZAWA PL";;'5247********6313;;;-100,00;PLN;'02076256200416386870181;ZAKUP;Restauracje i kawiarnie
20.07.2026;19.07.2026;ZDROFIT WILANOW RZECZY WARSZAWA PL;;'5247********6313;;;-6,00;PLN;'55306606200642005490392;ZAKUP;Hobby
20.07.2026;19.07.2026;ZYWIOLY UL. KEN 19 WARSZAWA PL;;'5247********6313;;;-34,24;PLN;'05272426200685246568656;ZAKUP;Artykuły spożywcze
19.07.2026;18.07.2026;PRO POWER LANCKAMER SJ WARSZAWA PL;;'5247********6313;;;-149,99;PLN;'55191396199621997201784;ZAKUP;Sport
19.07.2026;18.07.2026;BP-KOGUT 246 TAAS WARSZAWA PL;;'5247********6313;;;-117,94;PLN;'55191396200602004859977;ZAKUP;Paliwo
19.07.2026;18.07.2026;PeP*Praski Kebab Kabat Warszawa PL;;'5247********6313;;;-46,00;PLN;'02076256199416261643318;ZAKUP;Restauracje i kawiarnie
19.07.2026;18.07.2026;Best Market KEN Warsza Warszawa PL;;'5247********6313;;;-10,30;PLN;'02076256199416133978264;ZAKUP;Artykuły spożywcze
19.07.2026;18.07.2026;ZYWIOLY UL. KEN 19 WARSZAWA PL;;'5247********6313;;;-9,75;PLN;'05272426199684744666586;ZAKUP;Artykuły spożywcze
19.07.2026;18.07.2026;Sklep Prime Video LUXEMBOURG LU;;'5247********6313;;;-9,99;PLN;'52715026199206659430132;ZAKUP;Multimedia
19.07.2026;18.07.2026;Sklep Prime Video LUXEMBOURG LU;;'5247********6313;;;-9,99;PLN;'52715026199206658861022;ZAKUP;Multimedia
19.07.2026;18.07.2026;Sklep Prime Video LUXEMBOURG LU;;'5247********6313;;;-9,99;PLN;'52715026199206648961189;ZAKUP;Multimedia
19.07.2026;19.07.2026;Netflix.com Los Gatos NL;;'5247********6313;;;-91,00;PLN;'02700926200015505388257;ZAKUP;Internet, TV, telefon
18.07.2026;18.07.2026;Orange Flex warszawa PL;;'5247********6313;;;-50,00;PLN;'08088416199000398501095;ZAKUP;Internet, TV, telefon
18.07.2026;17.07.2026;UWAGA PIWO KEN WARSZAWA PL;;'5247********6313;;;-61,00;PLN;'95383826199195555184419;ZAKUP;Alkohol
18.07.2026;17.07.2026;UWAGA PIWO KEN WARSZAWA PL;;'5247********6313;;;-19,00;PLN;'95383826199195555184310;ZAKUP;Alkohol
18.07.2026;17.07.2026;ZABKA Z9058 K.2 WARSZAWA PL;;'5247********6313;;;-19,69;PLN;'95383826198195504473500;ZAKUP;Artykuły spożywcze
18.07.2026;17.07.2026;SMB 3 KABATY WARSZAWA PL;;'5247********6313;;;-15,00;PLN;'75138126198066679315013;ZAKUP;Artykuły spożywcze
18.07.2026;17.07.2026;POLKI Warszawa PL;;'5247********6313;;;-19,00;PLN;'05272426198684398526087;ZAKUP;Restauracje i kawiarnie
18.07.2026;17.07.2026;GOCHU Warszawa PL;;'5247********6313;;;-38,00;PLN;'05272426198684396876591;ZAKUP;Restauracje i kawiarnie
18.07.2026;17.07.2026;ZYWIOLY UL. KEN 19 WARSZAWA PL;;'5247********6313;;;-26,74;PLN;'05272426198684237117437;ZAKUP;Artykuły spożywcze
17.07.2026;16.07.2026;ZYWIOLY UL. KEN 19 WARSZAWA PL;;'5247********6313;;;-26,74;PLN;'05272426197683771193250;ZAKUP;Artykuły spożywcze
17.07.2026;16.07.2026;MINI DELIKATESY TIM ka Warszawa PL;;'5247********6313;;;-58,09;PLN;'05272426197684161221859;ZAKUP;Artykuły spożywcze
17.07.2026;16.07.2026;JAPONIACENTRALNA.PL WARSZAWA PL;;'5247********6313;;;-54,80;PLN;'05272426197684113389358;ZAKUP;Artykuły spożywcze
17.07.2026;16.07.2026;PeP*JAVA COFFEE COMPAN Warszawa PL;;'5247********6313;;;-19,30;PLN;'02076256197415521143673;ZAKUP;Restauracje i kawiarnie
17.07.2026;16.07.2026;pSushi.pl Warszawa PL;;'5247********6313;;;-53,00;PLN;'02076256197415655389472;ZAKUP;Restauracje i kawiarnie
17.07.2026;16.07.2026;BUENA VISTA SOCIAL FOO WARSZAWA PL;;'5247********6313;;;-64,00;PLN;'05272426197683880968790;ZAKUP;Restauracje i kawiarnie
16.07.2026;15.07.2026;SALAD STORY KEN Warszawa PL;;'5247********6313;;;-70,24;PLN;'05272426196683503507752;ZAKUP;Restauracje i kawiarnie
16.07.2026;15.07.2026;MINI DELIKATESY TIM ka Warszawa PL;;'5247********6313;;;-58,98;PLN;'05272426196683711894620;ZAKUP;Artykuły spożywcze
16.07.2026;15.07.2026;ZYWIOLY UL. KEN 19 WARSZAWA PL;;'5247********6313;;;-38,25;PLN;'05272426196683517198481;ZAKUP;Artykuły spożywcze
16.07.2026;15.07.2026;ZYWIOLY UL. KEN 19 WARSZAWA PL;;'5247********6313;;;-26,74;PLN;'05272426196683321432969;ZAKUP;Artykuły spożywcze
16.07.2026;15.07.2026;PeP*ESTE MALGORZATA ZY Warszawa PL;;'5247********6313;;;-18,50;PLN;'02076256196415356327541;ZAKUP;Restauracje i kawiarnie
15.07.2026;15.07.2026;ZWROT ZA ZAKUPY;;;'5247********6313;;25,45;PLN;'00202607152140108799725;PREMIA;Inne
15.07.2026;14.07.2026;SALAD STORY KEN Warszawa PL;;'5247********6313;;;-40,25;PLN;'05272426195683061065723;ZAKUP;Restauracje i kawiarnie
15.07.2026;14.07.2026;ZYWIOLY UL. KEN 19 WARSZAWA PL;;'5247********6313;;;-33,99;PLN;'05272426195683085271034;ZAKUP;Artykuły spożywcze
15.07.2026;14.07.2026;ZYWIOLY UL. KEN 19 WARSZAWA PL;;'5247********6313;;;-26,74;PLN;'05272426195682874102780;ZAKUP;Artykuły spożywcze
15.07.2026;14.07.2026;ZDROFIT WILANOW RZECZY WARSZAWA PL;;'5247********6313;;;-6,00;PLN;'55306606195651957338571;ZAKUP;Hobby
14.07.2026;13.07.2026;ZYWIOLY UL. KEN 19 WARSZAWA PL;;'5247********6313;;;-34,24;PLN;'05272426194682678662147;ZAKUP;Artykuły spożywcze
14.07.2026;13.07.2026;ZYWIOLY UL. KEN 19 WARSZAWA PL;;'5247********6313;;;-26,74;PLN;'05272426194682417801733;ZAKUP;Artykuły spożywcze
14.07.2026;13.07.2026;"PeP*RESTAURACJA ""MOJE WARSZAWA PL";;'5247********6313;;;-110,00;PLN;'02076256194414812022228;ZAKUP;Restauracje i kawiarnie
14.07.2026;13.07.2026;MINI DELIKATESY TIM 01 WARSZAWA PL;;'5247********6313;;;-25,30;PLN;'05272426194682838534699;ZAKUP;Artykuły spożywcze
13.07.2026;12.07.2026;THE WHITE BEAR COFFE BIALYSTOK PL;;'5247********6313;;;-40,25;PLN;'95383826193195116878042;ZAKUP;Restauracje i kawiarnie
13.07.2026;12.07.2026;A100 CAFE BIALYSTOK PL;;'5247********6313;;;-51,00;PLN;'95383826193195119307809;ZAKUP;Restauracje i kawiarnie
13.07.2026;12.07.2026;STACJA PALIW NR 7626 Elk PL;;'5247********6313;;;-132,77;PLN;'05272426193682203613962;ZAKUP;Paliwo
13.07.2026;12.07.2026;Folwark Lekuk Wydminy PL;;'5247********6313;;;-80,00;PLN;'02076256193414391564377;ZAKUP;Hotele
13.07.2026;12.07.2026;Folwark Lekuk Wydminy PL;;'5247********6313;;;-32,00;PLN;'02076256193414386827755;ZAKUP;Hotele
13.07.2026;12.07.2026;MINI DELIKATESY TIM ka Warszawa PL;;'5247********6313;;;-48,90;PLN;'05272426193682371360131;ZAKUP;Artykuły spożywcze
12.07.2026;11.07.2026;BP-MALOPOLE 680 TAAS DABROWKA PL;;'5247********6313;;;-150,80;PLN;'55191396193601937845326;ZAKUP;Paliwo
12.07.2026;11.07.2026;Folwark Lekuk Wydminy PL;;'5247********6313;;;-83,00;PLN;'02076256192414326268186;ZAKUP;Hotele
12.07.2026;11.07.2026;KAWIARNIA' DALBA' GIZYCKO PL;;'5247********6313;;;-134,00;PLN;'02076256192414288130077;ZAKUP;Restauracje i kawiarnie
12.07.2026;11.07.2026;MCDONALDS Poreba PL;;'5247********6313;;;-39,00;PLN;'05272426192681714588615;ZAKUP;Restauracje i kawiarnie
12.07.2026;11.07.2026;ORLEN STACJA NR 4670 Chomentowo PL;;'5247********6313;;;-25,57;PLN;'05272426192681750242440;ZAKUP;Paliwo
12.07.2026;11.07.2026;SPP GIZYCKO GIZYCKO PL;;'5247********6313;;;-8,00;PLN;'55191396192631925263944;ZAKUP;Inne
11.07.2026;10.07.2026;AQUARIUS WARSZAWA PL;;'5247********6313;;;-33,99;PLN;'02076256191413887577879;ZAKUP;Zwierzęta domowe
11.07.2026;10.07.2026;ZYWIOLY UL. KEN 19 WARSZAWA PL;;'5247********6313;;;-34,24;PLN;'05272426191681309843939;ZAKUP;Artykuły spożywcze
10.07.2026;09.07.2026;DIAGDENT URSYNOW Warszawa PL;;'5247********6313;;;-160,00;PLN;'02076256190413562747558;ZAKUP;Lekarstwa
10.07.2026;09.07.2026;NA BANK CAFE WARSZAWA PL;;'5247********6313;;;-57,00;PLN;'02076256190413578297911;ZAKUP;Restauracje i kawiarnie
10.07.2026;09.07.2026;Centrum Stomatologic 0 Warszawa PL;;'5247********6313;;;-100,00;PLN;'05272426190680781288093;ZAKUP;Opieka medyczna
10.07.2026;09.07.2026;JMP S.A. BIEDRONKA 415 WARSZAWA PL;;'5247********6313;;;-53,41;PLN;'55473846190496606210050;ZAKUP;Artykuły spożywcze
09.07.2026;07.07.2026;CURSOR, AI POWERED IDE SAN FRANCISCO US;;;'5247********6313;;27,77;PLN;'82305096189500044989176;ZAKUP;Inne
09.07.2026;08.07.2026;PeP*TRZY KRUKI Warszawa PL;;'5247********6313;;;-32,00;PLN;'02076256189413400299344;ZAKUP;Restauracje i kawiarnie
08.07.2026;07.07.2026;PeP*TRZY KRUKI Warszawa PL;;'5247********6313;;;-39,00;PLN;'02076256188413096682473;ZAKUP;Restauracje i kawiarnie
08.07.2026;07.07.2026;ZABKA ZB208 K.2 WARSZAWA PL;;'5247********6313;;;-32,49;PLN;'95383826188194754278679;ZAKUP;Artykuły spożywcze
07.07.2026;06.07.2026;PeP*TRZY KRUKI Warszawa PL;;'5247********6313;;;-40,00;PLN;'02076256187412779380935;ZAKUP;Restauracje i kawiarnie
07.07.2026;06.07.2026;AUCHAN WARSZAWA MODL 0 Warszawa PL;;'5247********6313;;;-197,87;PLN;'05272426187679755224931;ZAKUP;Artykuły spożywcze
07.07.2026;05.07.2026;Orange Flex warszawa PL;;'5247********6313;;;-35,00;PLN;'08088416187000391848422;ZAKUP;Internet, TV, telefon
07.07.2026;05.07.2026;Orange Flex warszawa PL;;'5247********6313;;;-35,00;PLN;'08088416187000391847754;ZAKUP;Internet, TV, telefon
06.07.2026;05.07.2026;PeP*GOODLY SPECIALTY C Warszawa PL;;'5247********6313;;;-36,25;PLN;'02076256186412614642813;ZAKUP;Restauracje i kawiarnie
06.07.2026;05.07.2026;mezze Hummus & Falafel Warszawa PL;;'5247********6313;;;-36,00;PLN;'02076256186412608665218;ZAKUP;Restauracje i kawiarnie
06.07.2026;05.07.2026;mezze Hummus & Falafel Warszawa PL;;'5247********6313;;;-115,00;PLN;'02076256186412602766608;ZAKUP;Restauracje i kawiarnie
06.07.2026;05.07.2026;ZDROFIT WILANOW RZECZY WARSZAWA PL;;'5247********6313;;;-14,00;PLN;'55306606186651862128035;ZAKUP;Hobby
06.07.2026;05.07.2026;ZYWIOLY UL. KEN 19 WARSZAWA PL;;'5247********6313;;;-26,74;PLN;'05272426186679258635246;ZAKUP;Artykuły spożywcze
05.07.2026;04.07.2026;PeP*GOODLY SPECIALTY C Warszawa PL;;'5247********6313;;;-53,25;PLN;'02076256185412311042987;ZAKUP;Restauracje i kawiarnie
05.07.2026;04.07.2026;Outlet AUDIO VIDEO DES WARSZAWA PL;;'5247********6313;;;-3 798,00;PLN;'02076256185412386556408;ZAKUP;Sprzęt AGD i RTV
05.07.2026;04.07.2026;ZABKA Z5105 K.2 WARSZAWA PL;;'5247********6313;;;-4,10;PLN;'95383826185194580718685;ZAKUP;Artykuły spożywcze
05.07.2026;04.07.2026;MARKET OBI 017 WARSZAWA PL;;'5247********6313;;;-19,99;PLN;'95383826185194557615922;ZAKUP;Naprawy i remonty
04.07.2026;03.07.2026;AQUARIUS WARSZAWA PL;;'5247********6313;;;-95,00;PLN;'02076256184412225527447;ZAKUP;Zwierzęta domowe
04.07.2026;03.07.2026;ZYWIOLY UL. KEN 19 WARSZAWA PL;;'5247********6313;;;-33,24;PLN;'05272426184678488014067;ZAKUP;Artykuły spożywcze
04.07.2026;03.07.2026;ZYWIOLY UL. KEN 19 WARSZAWA PL;;'5247********6313;;;-26,74;PLN;'05272426184678292556444;ZAKUP;Artykuły spożywcze
04.07.2026;03.07.2026;FUX RAFAL FUKSIEWICZ WARSZAWA PL;;'5247********6313;;;-85,67;PLN;'55306606184651848653520;ZAKUP;Artykuły spożywcze
03.07.2026;03.07.2026;Transferof funds;;;'5247********6313;;8 100,00;PLN;'00202607031652524995171;WPŁATA;Inne
03.07.2026;02.07.2026;ICE CREAM FAMILY WARSZAWA PL;;'5247********6313;;;-18,50;PLN;'95383826183194397842142;ZAKUP;Restauracje i kawiarnie
03.07.2026;02.07.2026;SALAD STORY KEN Warszawa PL;;'5247********6313;;;-50,24;PLN;'05272426183678000908979;ZAKUP;Restauracje i kawiarnie
03.07.2026;02.07.2026;ZYWIOLY UL. KEN 19 WARSZAWA PL;;'5247********6313;;;-34,24;PLN;'05272426183677980989645;ZAKUP;Artykuły spożywcze
03.07.2026;02.07.2026;ZYWIOLY UL. KEN 19 WARSZAWA PL;;'5247********6313;;;-26,74;PLN;'05272426183677849218152;ZAKUP;Artykuły spożywcze
03.07.2026;03.07.2026;OVHcloud Wroclaw PL;;'5247********6313;;;-52,40;PLN;'15265676183004150836092;ZAKUP;Internet, TV, telefon
02.07.2026;01.07.2026;FOOD TOWN BARS Warszawa PL;;'5247********6313;;;-72,00;PLN;'72301666182066395369881;ZAKUP;Restauracje i kawiarnie
02.07.2026;01.07.2026;PeP*JAVA COFFEE COMPAN Warszawa PL;;'5247********6313;;;-19,30;PLN;'02076256182411538887334;ZAKUP;Restauracje i kawiarnie
02.07.2026;01.07.2026;BUENA VISTA SOCIAL FOO WARSZAWA PL;;'5247********6313;;;-64,00;PLN;'05272426182677566708543;ZAKUP;Restauracje i kawiarnie
02.07.2026;01.07.2026;ZYWIOLY UL. KEN 19 WARSZAWA PL;;'5247********6313;;;-26,74;PLN;'05272426182677432042028;ZAKUP;Artykuły spożywcze
01.07.2026;30.06.2026;ZDROFIT WILANOW RZECZY WARSZAWA PL;;'5247********6313;;;-6,50;PLN;'55306606181641819612434;ZAKUP;Hobby
01.07.2026;30.06.2026;FUX RAFAL FUKSIEWICZ WARSZAWA PL;;'5247********6313;;;-22,80;PLN;'55306606181641816286307;ZAKUP;Artykuły spożywcze
01.07.2026;30.06.2026;FUX RAFAL FUKSIEWICZ WARSZAWA PL;;'5247********6313;;;-61,18;PLN;'55306606181641816286299;ZAKUP;Artykuły spożywcze
01.07.2026;30.06.2026;PeP*ZONA KRAWCA - CUKI WARSZAWA PL;;'5247********6313;;;-81,00;PLN;'02076256181411348155295;ZAKUP;Artykuły spożywcze
01.07.2026;30.06.2026;ZYWIOLY UL. KEN 19 WARSZAWA PL;;'5247********6313;;;-27,25;PLN;'05272426181677125747355;ZAKUP;Artykuły spożywcze
01.07.2026;30.06.2026;ZYWIOLY UL. KEN 19 WARSZAWA PL;;'5247********6313;;;-26,74;PLN;'05272426181677004675644;ZAKUP;Artykuły spożywcze
30.06.2026;29.06.2026;PeP*JAVA COFFEE COMPAN Warszawa PL;;'5247********6313;;;-24,50;PLN;'02076256180411064168424;ZAKUP;Restauracje i kawiarnie
30.06.2026;29.06.2026;PeP*JAVA COFFEE COMPAN Warszawa PL;;'5247********6313;;;-19,30;PLN;'02076256180410897697120;ZAKUP;Restauracje i kawiarnie
30.06.2026;29.06.2026;BUENA VISTA SOCIAL FOO WARSZAWA PL;;'5247********6313;;;-49,00;PLN;'05272426180676698348782;ZAKUP;Restauracje i kawiarnie
30.06.2026;29.06.2026;ZYWIOLY UL. KEN 19 WARSZAWA PL;;'5247********6313;;;-17,23;PLN;'05272426180676592922211;ZAKUP;Artykuły spożywcze
30.06.2026;29.06.2026;LIDL Rosola WARSZAWA PL;;'5247********6313;;;-149,44;PLN;'05272426180676965582766;ZAKUP;Artykuły spożywcze
30.06.2026;29.06.2026;SP MOST ELEMENTS WARSZAWA PL;;'5247********6313;;;-224,10;PLN;'82644316180500025490625;ZAKUP;Artykuły spożywcze
